website,Realtor,Zillow,Redfin,Census,
key_row,cbsa_title,RegionName,Region,MSA,region_type
united_states,United States,United States,National,United States,country
alabama,alabama,Alabama,Alabama,Alabama,state
alaska,alaska,Alaska,Alaska,Alaska,state
arizona,arizona,Arizona,Arizona,Arizona,state
arkansas,arkansas,Arkansas,Arkansas,Arkansas,state
california,california,California,California,California,state
colorado,colorado,Colorado,Colorado,Colorado,state
connecticut,connecticut,Connecticut,Connecticut,Connecticut,state
delaware,delaware,Delaware,Delaware,Delaware,state
florida,florida,Florida,Florida,Florida,state
georgia,georgia,Georgia,Georgia,Georgia,state
hawaii,hawaii,Hawaii,Hawaii,Hawaii,state
idaho,idaho,Idaho,Idaho,Idaho,state
illinois,illinois,Illinois,Illinois,Illinois,state
indiana,indiana,Indiana,Indiana,Indiana,state
iowa,iowa,Iowa,Iowa,Iowa,state
kansas,kansas,Kansas,Kansas,Kansas,state
kentucky,kentucky,Kentucky,Kentucky,Kentucky,state
louisiana,louisiana,Louisiana,Louisiana,Louisiana,state
maine,maine,Maine,Maine,Maine,state
maryland,maryland,Maryland,Maryland,Maryland,state
massachusetts,massachusetts,Massachusetts,Massachusetts,Massachusetts,state
michigan,michigan,Michigan,Michigan,Michigan,state
minnesota,minnesota,Minnesota,Minnesota,Minnesota,state
mississippi,mississippi,Mississippi,Mississippi,Mississippi,state
missouri,missouri,Missouri,Missouri,Missouri,state
montana,montana,Montana,Montana,Montana,state
nebraska,nebraska,Nebraska,Nebraska,Nebraska,state
nevada,nevada,Nevada,Nevada,Nevada,state
new_hampshire,new hampshire,New Hampshire,New Hampshire,New Hampshire,state
new_jersey,new jersey,New Jersey,New Jersey,New Jersey,state
new_mexico,new mexico,New Mexico,New Mexico,New Mexico,state
new_york,new york,New York,New York,New York,state
north_carolina,north carolina,North Carolina,North Carolina,North Carolina,state
north_dakota,north dakota,North Dakota,North Dakota,North Dakota,state
ohio,ohio,Ohio,Ohio,Ohio,state
oklahoma,oklahoma,Oklahoma,Oklahoma,Oklahoma,state
oregon,oregon,Oregon,Oregon,Oregon,state
pennsylvania,pennsylvania,Pennsylvania,Pennsylvania,Pennsylvania,state
rhode_island,rhode island,Rhode Island,Rhode Island,Rhode Island,state
south_carolina,south carolina,South Carolina,South Carolina,South Carolina,state
south_dakota,south dakota,South Dakota,South Dakota,South Dakota,state
tennessee,tennessee,Tennessee,Tennessee,Tennessee,state
texas,texas,Texas,Texas,Texas,state
utah,utah,Utah,Utah,Utah,state
vermont,vermont,Vermont,Vermont,Vermont,state
virginia,virginia,Virginia,Virginia,Virginia,state
washington,washington,Washington,Washington,Washington,state
west_virginia,west virginia,West Virginia,West Virginia,West Virginia,state
wisconsin,wisconsin,Wisconsin,Wisconsin,Wisconsin,state
wyoming,wyoming,Wyoming,Wyoming,Wyoming,state
new_york_ny,"New York-Newark-Jersey City, NY-NJ","New York, NY",,"New York-Newark-Jersey City, NY-NJ-PA",metro
los_angeles_ca,"los angeles-long beach-anaheim, ca","Los Angeles, CA",,"Los Angeles-Long Beach-Anaheim, CA",metro
chicago_il,"Chicago-Naperville-Elgin, IL-IN","Chicago, IL",,"Chicago-Naperville-Elgin, IL-IN-WI",metro
dallas_tx,"dallas-fort worth-arlington, tx","Dallas, TX",,"Dallas-Fort Worth-Arlington, TX",metro
houston_tx,"Houston-Pasadena-The Woodlands, TX","Houston, TX",,"Houston-The Woodlands-Sugar Land, TX",metro
philadelphia_pa,"philadelphia-camden-wilmington, pa-nj-de-md","Philadelphia, PA",,"Philadelphia-Camden-Wilmington, PA-NJ-DE-MD",metro
washington_dc,"washington-arlington-alexandria, dc-va-md-wv","Washington, DC",,"Washington-Arlington-Alexandria, DC-VA-MD-WV",metro
miami_fl,"Miami-Fort Lauderdale-West Palm Beach, FL","Miami, FL",,"Miami-Fort Lauderdale-Pompano Beach, FL",metro
atlanta_ga,"Atlanta-Sandy Springs-Roswell, GA","Atlanta, GA",,"Atlanta-Sandy Springs-Alpharetta, GA",metro
boston_ma,"boston-cambridge-newton, ma-nh","Boston, MA",,"Boston-Cambridge-Newton, MA-NH",metro
san_francisco_ca,"San Francisco-Oakland-Fremont, CA","San Francisco, CA",,"San Francisco-Oakland-Berkeley, CA",metro
detroit_mi,"detroit-warren-dearborn, mi","Detroit, MI",,"Detroit-Warren-Dearborn, MI",metro
phoenix_az,"Phoenix-Mesa-Chandler, AZ","Phoenix, AZ",,"Phoenix-Mesa-Chandler, AZ",metro
seattle_wa,"seattle-tacoma-bellevue, wa","Seattle, WA",,"Seattle-Tacoma-Bellevue, WA",metro
minneapolis_mn,"minneapolis-st. paul-bloomington, mn-wi","Minneapolis, MN",,"Minneapolis-St. Paul-Bloomington, MN-WI",metro
riverside_ca,"riverside-san bernardino-ontario, ca","Riverside, CA",,"Riverside-San Bernardino-Ontario, CA",metro
tampa_fl,"tampa-st. petersburg-clearwater, fl","Tampa, FL",,"Tampa-St. Petersburg-Clearwater, FL",metro
san_diego_ca,"San Diego-Chula Vista-Carlsbad, CA","San Diego, CA",,"San Diego-Chula Vista-Carlsbad, CA",metro
st_louis_mo,"st. louis, mo-il","St. Louis, MO",,"St. Louis, MO-IL",metro
denver_co,"Denver-Aurora-Centennial, CO","Denver, CO",,"Denver-Aurora-Lakewood, CO",metro
baltimore_md,"baltimore-columbia-towson, md","Baltimore, MD",,"Baltimore-Columbia-Towson, MD",metro
pittsburgh_pa,"pittsburgh, pa","Pittsburgh, PA",,"Pittsburgh, PA",metro
portland_or,"portland-vancouver-hillsboro, or-wa","Portland, OR",,"Portland-Vancouver-Hillsboro, OR-WA",metro
charlotte_nc,"charlotte-concord-gastonia, nc-sc","Charlotte, NC",,"Charlotte-Concord-Gastonia, NC-SC",metro
orlando_fl,"orlando-kissimmee-sanford, fl","Orlando, FL",,"Orlando-Kissimmee-Sanford, FL",metro
cleveland_oh,"Cleveland, OH","Cleveland, OH",,"Cleveland-Elyria, OH",metro
san_antonio_tx,"san antonio-new braunfels, tx","San Antonio, TX",,"San Antonio-New Braunfels, TX",metro
cincinnati_oh,"cincinnati, oh-ky-in","Cincinnati, OH",,"Cincinnati, OH-KY-IN",metro
sacramento_ca,"Sacramento-Roseville-Folsom, CA","Sacramento, CA",,"Sacramento-Roseville-Folsom, CA",metro
kansas_city_mo,"kansas city, mo-ks","Kansas City, MO",,"Kansas City, MO-KS",metro
columbus_oh,"columbus, oh","Columbus, OH",,"Columbus, OH",metro
indianapolis_in,"Indianapolis-Carmel-Greenwood, IN","Indianapolis, IN",,"Indianapolis-Carmel-Anderson, IN",metro
las_vegas_nv,"Las Vegas-Henderson-North Las Vegas, NV","Las Vegas, NV",,"Las Vegas-Henderson-Paradise, NV",metro
austin_tx,"Austin-Round Rock-San Marcos, TX","Austin, TX",,"Austin-Round Rock-Georgetown, TX",metro
nashville_tn,"nashville-davidson--murfreesboro--franklin, tn","Nashville, TN",,"Nashville-Davidson--Murfreesboro--Franklin, TN",metro
san_jose_ca,"san jose-sunnyvale-santa clara, ca","San Jose, CA",,"San Jose-Sunnyvale-Santa Clara, CA",metro
virginia_beach_va,"Virginia Beach-Chesapeake-Norfolk, VA-NC","Virginia Beach, VA",,"Virginia Beach-Norfolk-Newport News, VA-NC",metro
milwaukee_wi,"Milwaukee-Waukesha, WI","Milwaukee, WI",,"Milwaukee-Waukesha, WI",metro
providence_ri,"providence-warwick, ri-ma","Providence, RI",,"Providence-Warwick, RI-MA",metro
jacksonville_fl,"jacksonville, fl","Jacksonville, FL",,"Jacksonville, FL",metro
oklahoma_city_ok,"oklahoma city, ok","Oklahoma City, OK",,"Oklahoma City, OK",metro
louisville_ky,"louisville/jefferson county, ky-in","Louisville, KY",,"Louisville/Jefferson County, KY-IN",metro
memphis_tn,"memphis, tn-ms-ar","Memphis, TN",,"Memphis, TN-MS-AR",metro
new_orleans_la,"new orleans-metairie, la","New Orleans, LA",,"New Orleans-Metairie, LA",metro
richmond_va,"richmond, va","Richmond, VA",,"Richmond, VA",metro
raleigh_nc,"Raleigh-Cary, NC","Raleigh, NC",,"Raleigh-Cary, NC",metro
buffalo_ny,"Buffalo-Cheektowaga, NY","Buffalo, NY",,"Buffalo-Cheektowaga, NY",metro
hartford_ct,"Hartford-West Hartford-East Hartford, CT","Hartford, CT",,"Hartford-East Hartford-Middletown, CT",metro
birmingham_al,"Birmingham, AL","Birmingham, AL",,"Birmingham-Hoover, AL",metro
rochester_ny,"rochester, ny","Rochester, NY",,"Rochester, NY",metro
tucson_az,"tucson, az","Tucson, AZ",,"Tucson, AZ",metro
salt_lake_city_ut,"Salt Lake City-Murray, UT","Salt Lake City, UT",,"Salt Lake City, UT",metro
grand_rapids_mi,"Grand Rapids-Wyoming-Kentwood, MI","Grand Rapids, MI",,"Grand Rapids-Kentwood, MI",metro
tulsa_ok,"tulsa, ok","Tulsa, OK",,"Tulsa, OK",metro
albany_ny,"albany-schenectady-troy, ny","Albany, NY",,"Albany-Schenectady-Troy, NY",metro
albuquerque_nm,"albuquerque, nm","Albuquerque, NM",,"Albuquerque, NM",metro
omaha_ne,"Omaha, NE-IA","Omaha, NE",,"Omaha-Council Bluffs, NE-IA",metro
worcester_ma,"Worcester, MA","Worcester, MA",,"Worcester, MA-CT",metro
knoxville_tn,"knoxville, tn","Knoxville, TN",,"Knoxville, TN",metro
bridgeport_ct,"Bridgeport-Stamford-Danbury, CT","Bridgeport, CT",,"Bridgeport-Stamford-Norwalk, CT",metro
greenville_sc,"Greenville-Anderson-Greer, SC","Greenville, SC",,"Greenville-Anderson, SC",metro
north_port_fl,"North Port-Bradenton-Sarasota, FL","North Port, FL",,"North Port-Sarasota-Bradenton, FL",metro
new_haven_ct,"New Haven, CT","New Haven, CT",,"New Haven-Milford, CT",metro
dayton_oh,"Dayton-Kettering-Beavercreek, OH","Dayton, OH",,"Dayton-Kettering, OH",metro
honolulu_hi,"urban honolulu, hi","Urban Honolulu, HI",,"Urban Honolulu, HI",metro
allentown_pa,"allentown-bethlehem-easton, pa-nj","Allentown, PA",,"Allentown-Bethlehem-Easton, PA-NJ",metro
columbia_sc,"columbia, sc","Columbia, SC",,"Columbia, SC",metro
baton_rouge_la,"baton rouge, la","Baton Rouge, LA",,"Baton Rouge, LA",metro
greensboro_nc,"greensboro-high point, nc","Greensboro, NC",,"Greensboro-High Point, NC",metro
fresno_ca,"fresno, ca","Fresno, CA",,"Fresno, CA",metro
charleston_sc,"charleston-north charleston, sc","Charleston, SC",,"Charleston-North Charleston, SC",metro
little_rock_ar,"little rock-north little rock-conway, ar","Little Rock, AR",,"Little Rock-North Little Rock-Conway, AR",metro
cape_coral_fl,"cape coral-fort myers, fl","Cape Coral, FL",,"Cape Coral-Fort Myers, FL",metro
akron_oh,"akron, oh","Akron, OH",,"Akron, OH",metro
el_paso_tx,"el paso, tx","El Paso, TX",,"El Paso, TX",metro
oxnard_ca,"oxnard-thousand oaks-ventura, ca","Oxnard, CA",,"Oxnard-Thousand Oaks-Ventura, CA",metro
colorado_springs_co,"colorado springs, co","Colorado Springs, CO",,"Colorado Springs, CO",metro
madison_wi,"madison, wi","Madison, WI",,"Madison, WI",metro
bakersfield_ca,"Bakersfield-Delano, CA","Bakersfield, CA",,"Bakersfield, CA",metro
winston_salem_nc,"winston-salem, nc","Winston, NC",,"Winston-Salem, NC",metro
syracuse_ny,"syracuse, ny","Syracuse, NY",,"Syracuse, NY",metro
deltona_fl,"deltona-daytona beach-ormond beach, fl","Deltona, FL",,"Deltona-Daytona Beach-Ormond Beach, FL",metro
boise_city_id,"boise city, id","Boise City, ID",,"Boise City, ID",metro
wichita_ks,"wichita, ks","Wichita, KS",,"Wichita, KS",metro
toledo_oh,"toledo, oh","Toledo, OH",,"Toledo, OH",metro
des_moines_ia,"des moines-west des moines, ia","Des Moines, IA",,"Des Moines-West Des Moines, IA",metro
springfield_ma,"springfield, ma","Springfield, MA",,"Springfield, MA",metro
lakeland_fl,"lakeland-winter haven, fl","Lakeland, FL",,"Lakeland-Winter Haven, FL",metro
palm_bay_fl,"palm bay-melbourne-titusville, fl","Palm Bay, FL",,"Palm Bay-Melbourne-Titusville, FL",metro
mcallen_tx,"mcallen-edinburg-mission, tx","McAllen, TX",,"McAllen-Edinburg-Mission, TX",metro
harrisburg_pa,"harrisburg-carlisle, pa","Harrisburg, PA",,"Harrisburg-Carlisle, PA",metro
scranton_pa,"Scranton--Wilkes-Barre, PA","Scranton, PA",,"Scranton--Wilkes-Barre, PA",metro
augusta_ga,"augusta-richmond county, ga-sc","Augusta, GA",,"Augusta-Richmond County, GA-SC",metro
youngstown_oh,"Youngstown-Warren, OH","Youngstown, OH",,"Youngstown-Warren-Boardman, OH-PA",metro
stockton_ca,"Stockton-Lodi, CA","Stockton, CA",,"Stockton, CA",metro
durham_nc,"durham-chapel hill, nc","Durham, NC",,"Durham-Chapel Hill, NC",metro
portland_me,"portland-south portland, me","Portland, ME",,"Portland-South Portland, ME",metro
spokane_wa,"spokane-spokane valley, wa","Spokane, WA",,"Spokane-Spokane Valley, WA",metro
chattanooga_tn,"chattanooga, tn-ga","Chattanooga, TN",,"Chattanooga, TN-GA",metro
jackson_ms,"jackson, ms","Jackson, MS",,"Jackson, MS",metro
ogden_ut,"Ogden, UT","Ogden, UT",,"Ogden-Clearfield, UT",metro
lexington_ky,"lexington-fayette, ky","Lexington, KY",,"Lexington-Fayette, KY",metro
lancaster_pa,"lancaster, pa","Lancaster, PA",,"Lancaster, PA",metro
santa_rosa_ca,"Santa Rosa-Petaluma, CA","Santa Rosa, CA",,"Santa Rosa-Petaluma, CA",metro
fayetteville_ar,"Fayetteville-Springdale-Rogers, AR","Fayetteville, AR",,"Fayetteville-Springdale-Rogers, AR",metro
asheville_nc,"asheville, nc","Asheville, NC",,"Asheville, NC",metro
lafayette_la,"lafayette, la","Lafayette, LA",,"Lafayette, LA",metro
lansing_mi,"lansing-east lansing, mi","Lansing, MI",,"Lansing-East Lansing, MI",metro
pensacola_fl,"pensacola-ferry pass-brent, fl","Pensacola, FL",,"Pensacola-Ferry Pass-Brent, FL",metro
springfield_mo,"springfield, mo","Springfield, MO",,"Springfield, MO",metro
myrtle_beach_sc,"Myrtle Beach-Conway-North Myrtle Beach, SC","Myrtle Beach, SC",,"Myrtle Beach-Conway-North Myrtle Beach, SC-NC",metro
port_st_lucie_fl,"port st. lucie, fl","Port St. Lucie, FL",,"Port St. Lucie, FL",metro
huntsville_al,"huntsville, al","Huntsville, AL",,"Huntsville, AL",metro
shreveport_la,"shreveport-bossier city, la","Shreveport, LA",,"Shreveport-Bossier City, LA",metro
reno_nv,"reno, nv","Reno, NV",,"Reno, NV",metro
modesto_ca,"modesto, ca","Modesto, CA",,"Modesto, CA",metro
york_pa,"york-hanover, pa","York, PA",,"York-Hanover, PA",metro
corpus_christi_tx,"corpus christi, tx","Corpus Christi, TX",,"Corpus Christi, TX",metro
fort_wayne_in,"fort wayne, in","Fort Wayne, IN",,"Fort Wayne, IN",metro
canton_oh,"canton-massillon, oh","Canton, OH",,"Canton-Massillon, OH",metro
flint_mi,"flint, mi","Flint, MI",,"Flint, MI",metro
provo_ut,"Provo-Orem-Lehi, UT","Provo, UT",,"Provo-Orem, UT",metro
mobile_al,"mobile, al","Mobile, AL",,"Mobile, AL",metro
manchester_nh,"manchester-nashua, nh","Manchester, NH",,"Manchester-Nashua, NH",metro
davenport_ia,"davenport-moline-rock island, ia-il","Davenport, IA",,"Davenport-Moline-Rock Island, IA-IL",metro
salisbury_md,"Salisbury, MD","Salisbury, MD",,"Salisbury, MD-DE",metro
killeen_tx,"killeen-temple, tx","Killeen, TX",,"Killeen-Temple, TX",metro
reading_pa,"reading, pa","Reading, PA",,"Reading, PA",metro
beaumont_tx,"beaumont-port arthur, tx","Beaumont, TX",,"Beaumont-Port Arthur, TX",metro
peoria_il,"peoria, il","Peoria, IL",,"Peoria, IL",metro
vallejo_ca,"Vallejo, CA","Vallejo, CA",,"Vallejo, CA",metro
eugene_or,"Eugene-Springfield, OR","Eugene, OR",,"Eugene-Springfield, OR",metro
gulfport_ms,"Gulfport-Biloxi, MS","Gulfport, MS",,"Gulfport-Biloxi, MS",metro
fayetteville_nc,"fayetteville, nc","Fayetteville, NC",,"Fayetteville, NC",metro
tallahassee_fl,"tallahassee, fl","Tallahassee, FL",,"Tallahassee, FL",metro
santa_maria_ca,"santa maria-santa barbara, ca","Santa Maria, CA",,"Santa Maria-Santa Barbara, CA",metro
naples_fl,"Naples-Marco Island, FL","Naples, FL",,"Naples-Marco Island, FL",metro
huntington_wv,"huntington-ashland, wv-ky-oh","Huntington, WV",,"Huntington-Ashland, WV-KY-OH",metro
salem_or,"salem, or","Salem, OR",,"Salem, OR",metro
anchorage_ak,"anchorage, ak","Anchorage, AK",,"Anchorage, AK",metro
savannah_ga,"savannah, ga","Savannah, GA",,"Savannah, GA",metro
ann_arbor_mi,"ann arbor, mi","Ann Arbor, MI",,"Ann Arbor, MI",metro
hickory_nc,"hickory-lenoir-morganton, nc","Hickory, NC",,"Hickory-Lenoir-Morganton, NC",metro
ocala_fl,"ocala, fl","Ocala, FL",,"Ocala, FL",metro
montgomery_al,"montgomery, al","Montgomery, AL",,"Montgomery, AL",metro
visalia_ca,"Visalia, CA","Visalia, CA",,"Visalia, CA",metro
fort_collins_co,"Fort Collins-Loveland, CO","Fort Collins, CO",,"Fort Collins, CO",metro
trenton_nj,"Trenton-Princeton, NJ","Trenton, NJ",,"Trenton-Princeton, NJ",metro
kalamazoo_mi,"kalamazoo-portage, mi","Kalamazoo, MI",,"Kalamazoo-Portage, MI",metro
salinas_ca,"salinas, ca","Salinas, CA",,"Salinas, CA",metro
roanoke_va,"roanoke, va","Roanoke, VA",,"Roanoke, VA",metro
boulder_co,"boulder, co","Boulder, CO",,"Boulder, CO",metro
kingsport_tn,"Kingsport-Bristol, TN-VA","Kingsport, TN",,"Kingsport-Bristol, TN-VA",metro
rockford_il,"rockford, il","Rockford, IL",,"Rockford, IL",metro
lincoln_ne,"lincoln, ne","Lincoln, NE",,"Lincoln, NE",metro
evansville_in,"Evansville, IN","Evansville, IN",,"Evansville, IN-KY",metro
green_bay_wi,"green bay, wi","Green Bay, WI",,"Green Bay, WI",metro
brownsville_tx,"brownsville-harlingen, tx","Brownsville, TX",,"Brownsville-Harlingen, TX",metro
spartanburg_sc,"spartanburg, sc","Spartanburg, SC",,"Spartanburg, SC",metro
south_bend_in,"south bend-mishawaka, in-mi","South Bend, IN",,"South Bend-Mishawaka, IN-MI",metro
columbus_ga,"columbus, ga-al","Columbus, GA",,"Columbus, GA-AL",metro
utica_ny,"utica-rome, ny","Utica, NY",,"Utica-Rome, NY",metro
duluth_mn,"duluth, mn-wi","Duluth, MN",,"Duluth, MN-WI",metro
lubbock_tx,"lubbock, tx","Lubbock, TX",,"Lubbock, TX",metro
wilmington_nc,"wilmington, nc","Wilmington, NC",,"Wilmington, NC",metro
gainesville_fl,"gainesville, fl","Gainesville, FL",,"Gainesville, FL",metro
erie_pa,"erie, pa","Erie, PA",,"Erie, PA",metro
olympia_wa,"Olympia-Lacey-Tumwater, WA","Olympia, WA",,"Olympia-Lacey-Tumwater, WA",metro
cedar_rapids_ia,"cedar rapids, ia","Cedar Rapids, IA",,"Cedar Rapids, IA",metro
fort_smith_ar,"fort smith, ar-ok","Fort Smith, AR",,"Fort Smith, AR-OK",metro
crestview_fl,"crestview-fort walton beach-destin, fl","Crestview, FL",,"Crestview-Fort Walton Beach-Destin, FL",metro
norwich_ct,"Norwich-New London-Willimantic, CT","Norwich, CT",,"Norwich-New London, CT",metro
san_luis_obispo_ca,"San Luis Obispo-Paso Robles, CA","San Luis Obispo, CA",,"San Luis Obispo-Paso Robles, CA",metro
clarksville_tn,"clarksville, tn-ky","Clarksville, TN",,"Clarksville, TN-KY",metro
lynchburg_va,"lynchburg, va","Lynchburg, VA",,"Lynchburg, VA",metro
atlantic_city_nj,"atlantic city-hammonton, nj","Atlantic City, NJ",,"Atlantic City-Hammonton, NJ",metro
greeley_co,"greeley, co","Greeley, CO",,"Greeley, CO",metro
bremerton_wa,"Bremerton-Silverdale-Port Orchard, WA","Bremerton, WA",,"Bremerton-Silverdale-Port Orchard, WA",metro
sioux_falls_sd,"Sioux Falls, SD-MN","Sioux Falls, SD",,"Sioux Falls, SD",metro
binghamton_ny,"binghamton, ny","Binghamton, NY",,"Binghamton, NY",metro
amarillo_tx,"amarillo, tx","Amarillo, TX",,"Amarillo, TX",metro
santa_cruz_ca,"santa cruz-watsonville, ca","Santa Cruz, CA",,"Santa Cruz-Watsonville, CA",metro
hagerstown_md,"hagerstown-martinsburg, md-wv","Hagerstown, MD",,"Hagerstown-Martinsburg, MD-WV",metro
fargo_nd,"fargo, nd-mn","Fargo, ND",,"Fargo, ND-MN",metro
kennewick_wa,"kennewick-richland, wa","Kennewick, WA",,"Kennewick-Richland, WA",metro
waco_tx,"waco, tx","Waco, TX",,"Waco, TX",metro
champaign_il,"champaign-urbana, il","Champaign, IL",,"Champaign-Urbana, IL",metro
prescott_az,"Prescott Valley-Prescott, AZ","Prescott Valley, AZ",,"Prescott Valley-Prescott, AZ",metro
barnstable_town_ma,"barnstable town, ma","Barnstable Town, MA",,"Barnstable Town, MA",metro
charleston_wv,"charleston, wv","Charleston, WV",,"Charleston, WV",metro
tuscaloosa_al,"tuscaloosa, al","Tuscaloosa, AL",,"Tuscaloosa, AL",metro
topeka_ks,"topeka, ks","Topeka, KS",,"Topeka, KS",metro
college_station_tx,"college station-bryan, tx","College Station, TX",,"College Station-Bryan, TX",metro
appleton_wi,"appleton, wi","Appleton, WI",,"Appleton, WI",metro
claremont_nh,"Lebanon-Claremont, NH-VT","Lebanon, NH",,"Lebanon, NH-VT",metro
chico_ca,"chico, ca","Chico, CA",,"Chico, CA",metro
charlottesville_va,"charlottesville, va","Charlottesville, VA",,"Charlottesville, VA",metro
springfield_il,"springfield, il","Springfield, IL",,"Springfield, IL",metro
macon_ga,"Macon-Bibb County, GA","Macon, GA",,"Macon-Bibb County, GA",metro
medford_or,"medford, or","Medford, OR",,"Medford, OR",metro
burlington_vt,"burlington-south burlington, vt","Burlington, VT",,"Burlington-South Burlington, VT",metro
rochester_mn,"rochester, mn","Rochester, MN",,"Rochester, MN",metro
bellingham_wa,"bellingham, wa","Bellingham, WA",,"Bellingham, WA",metro
johnson_city_tn,"johnson city, tn","Johnson City, TN",,"Johnson City, TN",metro
tyler_tx,"tyler, tx","Tyler, TX",,"Tyler, TX",metro
hilton_head_island_sc,"Hilton Head Island-Bluffton-Port Royal, SC","Hilton Head Island, SC",,"Hilton Head Island-Bluffton, SC",metro
lake_havasu_city_az,"lake havasu city-kingman, az","Lake Havasu City, AZ",,"Lake Havasu City-Kingman, AZ",metro
daphne_al,"daphne-fairhope-foley, al","Daphne, AL",,"Daphne-Fairhope-Foley, AL",metro
yakima_wa,"yakima, wa","Yakima, WA",,"Yakima, WA",metro
lafayette_in,"lafayette-west lafayette, in","Lafayette, IN",,"Lafayette-West Lafayette, IN",metro
longview_tx,"longview, tx","Longview, TX",,"Longview, TX",metro
florence_sc,"florence, sc","Florence, SC",,"Florence, SC",metro
lake_charles_la,"lake charles, la","Lake Charles, LA",,"Lake Charles, LA",metro
punta_gorda_fl,"punta gorda, fl","Punta Gorda, FL",,"Punta Gorda, FL",metro
panama_city_fl,"Panama City-Panama City Beach, FL","Panama City, FL",,"Panama City, FL",metro
merced_ca,"merced, ca","Merced, CA",,"Merced, CA",metro
las_cruces_nm,"las cruces, nm","Las Cruces, NM",,"Las Cruces, NM",metro
houma_la,"Houma-Bayou Cane-Thibodaux, LA","Houma, LA",,"Houma-Thibodaux, LA",metro
saginaw_mi,"saginaw, mi","Saginaw, MI",,"Saginaw, MI",metro
racine_wi,"Racine-Mount Pleasant, WI","Racine, WI",,"Racine, WI",metro
athens_ga,"athens-clarke county, ga","Athens, GA",,"Athens-Clarke County, GA",metro
torrington_ct,"torrington, ct","Torrington, CT",,"Torrington, CT",metro
st_cloud_mn,"st. cloud, mn","St. Cloud, MN",,"St. Cloud, MN",metro
bloomington_il,"bloomington, il","Bloomington, IL",,"Bloomington, IL",metro
laredo_tx,"laredo, tx","Laredo, TX",,"Laredo, TX",metro
hilo_hi,"Hilo-Kailua, HI","Hilo, HI",,"Hilo, HI",metro
redding_ca,"redding, ca","Redding, CA",,"Redding, CA",metro
elkhart_in,"elkhart-goshen, in","Elkhart, IN",,"Elkhart-Goshen, IN",metro
warner_robins_ga,"warner robins, ga","Warner Robins, GA",,"Warner Robins, GA",metro
blacksburg_va,"blacksburg-christiansburg-radford, va","Blacksburg, VA",,"Blacksburg-Christiansburg, VA",metro
greenville_nc,"greenville, nc","Greenville, NC",,"Greenville, NC",metro
bend_or,"Bend, OR","Bend, OR",,"Bend, OR",metro
billings_mt,"billings, mt","Billings, MT",,"Billings, MT",metro
kingston_ny,"kingston, ny","Kingston, NY",,"Kingston, NY",metro
oshkosh_wi,"oshkosh-neenah, wi","Oshkosh, WI",,"Oshkosh-Neenah, WI",metro
monroe_la,"monroe, la","Monroe, LA",,"Monroe, LA",metro
columbia_mo,"columbia, mo","Columbia, MO",,"Columbia, MO",metro
waterloo_ia,"waterloo-cedar falls, ia","Waterloo, IA",,"Waterloo-Cedar Falls, IA",metro
jacksonville_nc,"jacksonville, nc","Jacksonville, NC",,"Jacksonville, NC",metro
iowa_city_ia,"iowa city, ia","Iowa City, IA",,"Iowa City, IA",metro
joplin_mo,"Joplin, MO-KS","Joplin, MO",,"Joplin, MO",metro
eau_claire_wi,"eau claire, wi","Eau Claire, WI",,"Eau Claire, WI",metro
muskegon_mi,"Muskegon-Norton Shores, MI","Muskegon, MI",,"Muskegon, MI",metro
bloomington_in,"bloomington, in","Bloomington, IN",,"Bloomington, IN",metro
yuma_az,"yuma, az","Yuma, AZ",,"Yuma, AZ",metro
gainesville_ga,"gainesville, ga","Gainesville, GA",,"Gainesville, GA",metro
terre_haute_in,"terre haute, in","Terre Haute, IN",,"Terre Haute, IN",metro
santa_fe_nm,"santa fe, nm","Santa Fe, NM",,"Santa Fe, NM",metro
bowling_green_ky,"bowling green, ky","Bowling Green, KY",,"Bowling Green, KY",metro
pueblo_co,"pueblo, co","Pueblo, CO",,"Pueblo, CO",metro
dover_de,"dover, de","Dover, DE",,"Dover, DE",metro
abilene_tx,"abilene, tx","Abilene, TX",,"Abilene, TX",metro
sioux_city_ia,"sioux city, ia-ne-sd","Sioux City, IA",,"Sioux City, IA-NE-SD",metro
sebastian_fl,"Sebastian-Vero Beach-West Vero Corridor, FL","Sebastian, FL",,"Sebastian-Vero Beach, FL",metro
janesville_wi,"janesville-beloit, wi","Janesville, WI",,"Janesville-Beloit, WI",metro
homosassa_springs_fl,"homosassa springs, fl","Homosassa Springs, FL",,"Homosassa Springs, FL",metro
bangor_me,"bangor, me","Bangor, ME",,"Bangor, ME",metro
auburn_al,"auburn-opelika, al","Auburn, AL",,"Auburn-Opelika, AL",metro
niles_mi,"Niles, MI","Niles, MI",,"Niles, MI",metro
midland_tx,"midland, tx","Midland, TX",,"Midland, TX",metro
traverse_city_mi,"traverse city, mi","Traverse City, MI",,"Traverse City, MI",metro
burlington_nc,"burlington, nc","Burlington, NC",,"Burlington, NC",metro
florence_al,"florence-muscle shoals, al","Florence, AL",,"Florence-Muscle Shoals, AL",metro
jackson_mi,"jackson, mi","Jackson, MI",,"Jackson, MI",metro
rapid_city_sd,"rapid city, sd","Rapid City, SD",,"Rapid City, SD",metro
decatur_al,"decatur, al","Decatur, AL",,"Decatur, AL",metro
wheeling_wv,"wheeling, wv-oh","Wheeling, WV",,"Wheeling, WV-OH",metro
ottawa_il,"Ottawa, IL","Ottawa, IL",,"Ottawa, IL",metro
dothan_al,"dothan, al","Dothan, AL",,"Dothan, AL",metro
state_college_pa,"state college, pa","State College, PA",,"State College, PA",metro
chambersburg_pa,"Chambersburg, PA","Chambersburg, PA",,"Chambersburg-Waynesboro, PA",metro
coeur_dalene_id,"coeur d'alene, id","Coeur d'Alene, ID",,"Coeur d'Alene, ID",metro
east_stroudsburg_pa,"east stroudsburg, pa","East Stroudsburg, PA",,"East Stroudsburg, PA",metro
rocky_mount_nc,"rocky mount, nc","Rocky Mount, NC",,"Rocky Mount, NC",metro
grand_junction_co,"grand junction, co","Grand Junction, CO",,"Grand Junction, CO",metro
kahului_hi,"Kahului-Wailuku, HI","Kahului, HI",,"Kahului-Wailuku-Lahaina, HI",metro
alexandria_la,"alexandria, la","Alexandria, LA",,"Alexandria, LA",metro
pottsville_pa,"pottsville, pa","Pottsville, PA",,"Pottsville, PA",metro
albany_ga,"albany, ga","Albany, GA",,"Albany, GA",metro
hattiesburg_ms,"hattiesburg, ms","Hattiesburg, MS",,"Hattiesburg, MS",metro
jefferson_city_mo,"jefferson city, mo","Jefferson City, MO",,"Jefferson City, MO",metro
monroe_mi,"monroe, mi","Monroe, MI",,"Monroe, MI",metro
elizabethtown_ky,"Elizabethtown, KY","Elizabethtown, KY",,"Elizabethtown-Fort Knox, KY",metro
concord_nh,"concord, nh","Concord, NH",,"Concord, NH",metro
texarkana_tx,"texarkana, tx-ar","Texarkana, TX",,"Texarkana, TX-AR",metro
wichita_falls_tx,"wichita falls, tx","Wichita Falls, TX",,"Wichita Falls, TX",metro
morgantown_wv,"morgantown, wv","Morgantown, WV",,"Morgantown, WV",metro
the_villages_fl,"Wildwood-The Villages, FL","The Villages, FL",,"The Villages, FL",metro
eureka_ca,"Eureka-Arcata, CA","Eureka, CA",,"Eureka-Arcata, CA",metro
johnstown_pa,"johnstown, pa","Johnstown, PA",,"Johnstown, PA",metro
yuba_city_ca,"yuba city, ca","Yuba City, CA",,"Yuba City, CA",metro
odessa_tx,"odessa, tx","Odessa, TX",,"Odessa, TX",metro
la_crosse_wi,"la crosse-onalaska, wi-mn","La Crosse, WI",,"La Crosse-Onalaska, WI-MN",metro
pittsfield_ma,"pittsfield, ma","Pittsfield, MA",,"Pittsfield, MA",metro
wausau_wi,"wausau, wi","Wausau, WI",,"Wausau-Weston, WI",metro
bismarck_nd,"bismarck, nd","Bismarck, ND",,"Bismarck, ND",metro
springfield_oh,"springfield, oh","Springfield, OH",,"Springfield, OH",metro
battle_creek_mi,"battle creek, mi","Battle Creek, MI",,"Battle Creek, MI",metro
lebanon_pa,"lebanon, pa","Lebanon, PA",,"Lebanon, PA",metro
tupelo_ms,"tupelo, ms","Tupelo, MS",,"Tupelo, MS",metro
jamestown_ny,"Jamestown-Dunkirk, NY","Jamestown, NY",,"Jamestown-Dunkirk-Fredonia, NY",metro
st_george_ut,"st. george, ut","St. George, UT",,"St. George, UT",metro
carbondale_il,"Carbondale, IL","Carbondale, IL",,"Carbondale-Marion, IL",metro
valdosta_ga,"valdosta, ga","Valdosta, GA",,"Valdosta, GA",metro
el_centro_ca,"el centro, ca","El Centro, CA",,"El Centro, CA",metro
altoona_pa,"altoona, pa","Altoona, PA",,"Altoona, PA",metro
glens_falls_ny,"glens falls, ny","Glens Falls, NY",,"Glens Falls, NY",metro
vineland_nj,"Vineland, NJ","Vineland, NJ",,"Vineland-Bridgeton, NJ",metro
winchester_va,"winchester, va-wv","Winchester, VA",,"Winchester, VA-WV",metro
augusta_me,"augusta-waterville, me","Augusta, ME",,"Augusta-Waterville, ME",metro
weirton_wv,"weirton-steubenville, wv-oh","Weirton, WV",,"Weirton-Steubenville, WV-OH",metro
napa_ca,"napa, ca","Napa, CA",,"Napa, CA",metro
new_bern_nc,"new bern, nc","New Bern, NC",,"New Bern, NC",metro
jackson_tn,"jackson, tn","Jackson, TN",,"Jackson, TN",metro
london_ky,,"London, KY",,"London, KY",metro
beckley_wv,"beckley, wv","Beckley, WV",,"Beckley, WV",metro
jonesboro_ar,"jonesboro, ar","Jonesboro, AR",,"Jonesboro, AR",metro
goldsboro_nc,"goldsboro, nc","Goldsboro, NC",,"Goldsboro, NC",metro
sierra_vista_az,"sierra vista-douglas, az","Sierra Vista, AZ",,"Sierra Vista-Douglas, AZ",metro
staunton_va,"Staunton-Stuarts Draft, VA","Staunton, VA",,"Staunton, VA",metro
dalton_ga,"dalton, ga","Dalton, GA",,"Dalton, GA",metro
missoula_mt,"missoula, mt","Missoula, MT",,"Missoula, MT",metro
hammond_la,"hammond, la","Hammond, LA",,"Hammond, LA",metro
flagstaff_az,"flagstaff, az","Flagstaff, AZ",,"Flagstaff, AZ",metro
lawton_ok,"lawton, ok","Lawton, OK",,"Lawton, OK",metro
sherman_tx,"sherman-denison, tx","Sherman, TX",,"Sherman-Denison, TX",metro
idaho_falls_id,"idaho falls, id","Idaho Falls, ID",,"Idaho Falls, ID",metro
lumberton_nc,"lumberton, nc","Lumberton, NC",,"Lumberton, NC",metro
mount_vernon_wa,"mount vernon-anacortes, wa","Mount Vernon, WA",,"Mount Vernon-Anacortes, WA",metro
harrisonburg_va,"harrisonburg, va","Harrisonburg, VA",,"Harrisonburg, VA",metro
mansfield_oh,"mansfield, oh","Mansfield, OH",,"Mansfield, OH",metro
st_joseph_mo,"st. joseph, mo-ks","St. Joseph, MO",,"St. Joseph, MO-KS",metro
williamsport_pa,"williamsport, pa","Williamsport, PA",,"Williamsport, PA",metro
lawrence_ks,"lawrence, ks","Lawrence, KS",,"Lawrence, KS",metro
sheboygan_wi,"sheboygan, wi","Sheboygan, WI",,"Sheboygan, WI",metro
albany_or,"albany, or","Albany, OR",,,metro
owensboro_ky,"owensboro, ky","Owensboro, KY",,"Owensboro, KY",metro
dunn_nc,,"Dunn, NC",,,metro
cleveland_tn,"cleveland, tn","Cleveland, TN",,"Cleveland, TN",metro
san_angelo_tx,"san angelo, tx","San Angelo, TX",,"San Angelo, TX",metro
muncie_in,"muncie, in","Muncie, IN",,"Muncie, IN",metro
brunswick_ga,"Brunswick-St. Simons, GA","Brunswick, GA",,"Brunswick, GA",metro
anniston_al,"Anniston-Oxford, AL","Anniston, AL",,"Anniston-Oxford, AL",metro
roseburg_or,"roseburg, or","Roseburg, OR",,"Roseburg, OR",metro
morristown_tn,"morristown, tn","Morristown, TN",,"Morristown, TN",metro
watertown_ny,"watertown-fort drum, ny","Watertown, NY",,"Watertown-Fort Drum, NY",metro
madera_ca,"Madera, CA","Madera, CA",,"Madera, CA",metro
danville_va,"danville, va","Danville, VA",,"Danville, VA",metro
decatur_il,"decatur, il","Decatur, IL",,"Decatur, IL",metro
lewiston_me,"lewiston-auburn, me","Lewiston, ME",,"Lewiston-Auburn, ME",metro
bluefield_wv,"bluefield, wv-va","Bluefield, WV",,"Bluefield, WV-VA",metro
bay_city_mi,"bay city, mi","Bay City, MI",,"Bay City, MI",metro
holland_mi,"holland, mi","Holland, MI",,"Holland, MI",metro
wenatchee_wa,"Wenatchee-East Wenatchee, WA","Wenatchee, WA",,"Wenatchee, WA",metro
cookeville_tn,"cookeville, tn","Cookeville, TN",,"Cookeville, TN",metro
wooster_oh,"wooster, oh","Wooster, OH",,"Wooster, OH",metro
sebring_fl,"sebring, fl","Sebring, FL",,"Sebring-Avon Park, FL",metro
grand_forks_nd,"grand forks, nd-mn","Grand Forks, ND",,"Grand Forks, ND-MN",metro
truckee_ca,"truckee-grass valley, ca","Truckee, CA",,"Truckee-Grass Valley, CA",metro
michigan_city_in,"michigan city-la porte, in","Michigan City, IN",,"Michigan City-La Porte, IN",metro
salem_oh,"salem, oh","Salem, OH",,"Salem, OH",metro
bozeman_mt,"bozeman, mt","Bozeman, MT",,"Bozeman, MT",metro
logan_ut,"logan, ut-id","Logan, UT",,"Logan, UT-ID",metro
farmington_nm,"farmington, nm","Farmington, NM",,"Farmington, NM",metro
hot_springs_ar,"hot springs, ar","Hot Springs, AR",,"Hot Springs, AR",metro
hanford_ca,"hanford-corcoran, ca","Hanford, CA",,"Hanford-Corcoran, CA",metro
paducah_ky,"paducah, ky-il","Paducah, KY",,"Paducah, KY-IL",metro
fond_du_lac_wi,"fond du lac, wi","Fond du Lac, WI",,"Fond du Lac, WI",metro
gadsden_al,"gadsden, al","Gadsden, AL",,"Gadsden, AL",metro
ogdensburg_ny,"Massena-Ogdensburg, NY","Ogdensburg, NY",,"Ogdensburg-Massena, NY",metro
sumter_sc,"sumter, sc","Sumter, SC",,"Sumter, SC",metro
ithaca_ny,"ithaca, ny","Ithaca, NY",,"Ithaca, NY",metro
meridian_ms,"meridian, ms","Meridian, MS",,"Meridian, MS",metro
longview_wa,"Longview-Kelso, WA","Longview, WA",,"Longview, WA",metro
richmond_ky,"richmond-berea, ky","Richmond, KY",,"Richmond-Berea, KY",metro
pinehurst_nc,"pinehurst-southern pines, nc","Pinehurst, NC",,"Pinehurst-Southern Pines, NC",metro
kalispell_mt,"kalispell, mt","Kalispell, MT",,"Kalispell, MT",metro
whitewater_wi,"whitewater-elkhorn, wi","Whitewater, WI",,"Whitewater, WI",metro
kankakee_il,"kankakee, il","Kankakee, IL",,"Kankakee, IL",metro
cheyenne_wy,"cheyenne, wy","Cheyenne, WY",,"Cheyenne, WY",metro
corning_ny,"corning, ny","Corning, NY",,"Corning, NY",metro
tullahoma_tn,"tullahoma-manchester, tn","Tullahoma, TN",,"Tullahoma-Manchester, TN",metro
lima_oh,"lima, oh","Lima, OH",,"Lima, OH",metro
california_md,"Lexington Park, MD","California, MD",,"California-Lexington Park, MD",metro
ocean_city_nj,"Ocean Pines, MD","Ocean City, NJ",,"Ocean City, NJ",metro
cumberland_md,"cumberland, md-wv","Cumberland, MD",,"Cumberland, MD-WV",metro
cape_girardeau_mo,"cape girardeau, mo-il","Cape Girardeau, MO",,"Cape Girardeau, MO-IL",metro
parkersburg_wv,"parkersburg-vienna, wv","Parkersburg, WV",,"Parkersburg-Vienna, WV",metro
brainerd_mn,"brainerd, mn","Brainerd, MN",,"Brainerd, MN",metro
sunbury_pa,"sunbury, pa","Sunbury, PA",,"Sunbury, PA",metro
dubuque_ia,"dubuque, ia","Dubuque, IA",,"Dubuque, IA",metro
clarksburg_wv,"clarksburg, wv","Clarksburg, WV",,"Clarksburg, WV",metro
gettysburg_pa,"gettysburg, pa","Gettysburg, PA",,"Gettysburg, PA",metro
twin_falls_id,"twin falls, id","Twin Falls, ID",,"Twin Falls, ID",metro
shelby_nc,"Shelby-Kings Mountain, NC","Shelby, NC",,"Shelby, NC",metro
ashtabula_oh,"Ashtabula, OH","Ashtabula, OH",,"Ashtabula, OH",metro
mankato_mn,"Mankato, MN","Mankato, MN",,"Mankato, MN",metro
sevierville_tn,"sevierville, tn","Sevierville, TN",,"Sevierville, TN",metro
victoria_tx,"victoria, tx","Victoria, TX",,"Victoria, TX",metro
adrian_mi,"adrian, mi","Adrian, MI",,"Adrian, MI",metro
greenwood_sc,"greenwood, sc","Greenwood, SC",,"Greenwood, SC",metro
new_philadelphia_oh,"new philadelphia-dover, oh","New Philadelphia, OH",,"New Philadelphia-Dover, OH",metro
fairbanks_ak,"Fairbanks-College, AK","Fairbanks, AK",,"Fairbanks, AK",metro
show_low_az,"show low, az","Show Low, AZ",,"Show Low, AZ",metro
ames_ia,"ames, ia","Ames, IA",,"Ames, IA",metro
new_castle_pa,"New Castle, IN","New Castle, PA",,"New Castle, PA",metro
albertville_al,"albertville, al","Albertville, AL",,"Albertville, AL",metro
corvallis_or,"corvallis, or","Corvallis, OR",,"Corvallis, OR",metro
manhattan_ks,"manhattan, ks","Manhattan, KS",,"Manhattan, KS",metro
talladega_al,"talladega-sylacauga, al","Talladega, AL",,"Talladega-Sylacauga, AL",metro
ukiah_ca,"ukiah, ca","Ukiah, CA",,"Ukiah, CA",metro
grants_pass_or,"grants pass, or","Grants Pass, OR",,"Grants Pass, OR",metro
rome_ga,"rome, ga","Rome, GA",,"Rome, GA",metro
branson_mo,"branson, mo","Branson, MO",,"Branson, MO",metro
elmira_ny,"elmira, ny","Elmira, NY",,"Elmira, NY",metro
key_west_fl,"Key West-Key Largo, FL","Key West, FL",,"Key West, FL",metro
orangeburg_sc,"orangeburg, sc","Orangeburg, SC",,"Orangeburg, SC",metro
great_falls_mt,"great falls, mt","Great Falls, MT",,"Great Falls, MT",metro
zanesville_oh,"zanesville, oh","Zanesville, OH",,"Zanesville, OH",metro
kokomo_in,"kokomo, in","Kokomo, IN",,"Kokomo, IN",metro
meadville_pa,"meadville, pa","Meadville, PA",,"Meadville, PA",metro
indiana_pa,"indiana, pa","Indiana, PA",,"Indiana, PA",metro
bloomsburg_pa,"bloomsburg-berwick, pa","Bloomsburg, PA",,"Bloomsburg-Berwick, PA",metro
beaver_dam_wi,"beaver dam, wi","Beaver Dam, WI",,"Beaver Dam, WI",metro
pine_bluff_ar,"pine bluff, ar","Pine Bluff, AR",,"Pine Bluff, AR",metro
oak_harbor_wa,"oak harbor, wa","Oak Harbor, WA",,"Oak Harbor, WA",metro
manitowoc_wi,"manitowoc, wi","Manitowoc, WI",,"Manitowoc, WI",metro
casper_wy,"casper, wy","Casper, WY",,"Casper, WY",metro
midland_mi,"midland, mi","Midland, MI",,"Midland, MI",metro
minot_nd,"minot, nd","Minot, ND",,"Minot, ND",metro
helena_mt,"helena, mt","Helena, MT",,"Helena, MT",metro
grand_island_ne,"grand island, ne","Grand Island, NE",,"Grand Island, NE",metro
watertown_wi,"watertown-fort atkinson, wi","Watertown, WI",,"Watertown-Fort Atkinson, WI",metro
port_angeles_wa,"port angeles, wa","Port Angeles, WA",,"Port Angeles, WA",metro
opelousas_la,"opelousas, la","Opelousas, LA",,"Opelousas, LA",metro
cullman_al,"cullman, al","Cullman, AL",,"Cullman, AL",metro
russellville_ar,"russellville, ar","Russellville, AR",,"Russellville, AR",metro
wilson_nc,"wilson, nc","Wilson, NC",,"Wilson, NC",metro
laurel_ms,"laurel, ms","Laurel, MS",,"Laurel, MS",metro
moses_lake_wa,"moses lake, wa","Moses Lake, WA",,"Moses Lake, WA",metro
plattsburgh_ny,"plattsburgh, ny","Plattsburgh, NY",,"Plattsburgh, NY",metro
dubois_pa,"dubois, pa","DuBois, PA",,"DuBois, PA",metro
lufkin_tx,"lufkin, tx","Lufkin, TX",,"Lufkin, TX",metro
olean_ny,"olean, ny","Olean, NY",,"Olean, NY",metro
stillwater_ok,"stillwater, ok","Stillwater, OK",,"Stillwater, OK",metro
athens_tx,"athens, tx","Athens, TX",,"Athens, TX",metro
wisconsin_rapids_wi,"wisconsin rapids-marshfield, wi","Wisconsin Rapids, WI",,"Wisconsin Rapids-Marshfield, WI",metro
columbus_in,"columbus, in","Columbus, IN",,"Columbus, IN",metro
danville_il,"danville, il","Danville, IL",,"Danville, IL",metro
sandusky_oh,"sandusky, oh","Sandusky, OH",,"Sandusky, OH",metro
hermiston_or,"hermiston-pendleton, or","Hermiston, OR",,"Hermiston-Pendleton, OR",metro
quincy_il,"quincy, il-mo","Quincy, IL",,"Quincy, IL-MO",metro
auburn_ny,"auburn, ny","Auburn, NY",,"Auburn, NY",metro
seneca_sc,"seneca, sc","Seneca, SC",,"Seneca, SC",metro
pocatello_id,"pocatello, id","Pocatello, ID",,"Pocatello, ID",metro
findlay_oh,"findlay, oh","Findlay, OH",,"Findlay, OH",metro
morehead_city_nc,"morehead city, nc","Morehead City, NC",,"Morehead City, NC",metro
greenfield_town_ma,"Greenfield, MA","Greenfield Town, MA",,,metro
somerset_pa,"somerset, pa","Somerset, PA",,"Somerset, PA",metro
keene_nh,"keene, nh","Keene, NH",,"Keene, NH",metro
centralia_wa,"centralia, wa","Centralia, WA",,"Centralia, WA",metro
warsaw_in,"warsaw, in","Warsaw, IN",,"Warsaw, IN",metro
roanoke_rapids_nc,"roanoke rapids, nc","Roanoke Rapids, NC",,"Roanoke Rapids, NC",metro
searcy_ar,"searcy, ar","Searcy, AR",,"Searcy, AR",metro
frankfort_ky,"frankfort, ky","Frankfort, KY",,"Frankfort, KY",metro
hinesville_ga,"hinesville, ga","Hinesville, GA",,"Hinesville, GA",metro
portsmouth_oh,"portsmouth, oh","Portsmouth, OH",,"Portsmouth, OH",metro
mount_airy_nc,"mount airy, nc","Mount Airy, NC",,"Mount Airy, NC",metro
glenwood_springs_co,"Edwards, CO","Glenwood Springs, CO",,"Glenwood Springs, CO",metro
chillicothe_oh,"chillicothe, oh","Chillicothe, OH",,"Chillicothe, OH",metro
marinette_wi,"marinette, wi-mi","Marinette, WI",,"Marinette, WI-MI",metro
martinsville_va,"martinsville, va","Martinsville, VA",,"Martinsville, VA",metro
stevens_point_wi,"Stevens Point-Plover, WI","Stevens Point, WI",,"Stevens Point, WI",metro
palatka_fl,"palatka, fl","Palatka, FL",,"Palatka, FL",metro
marquette_mi,"marquette, mi","Marquette, MI",,"Marquette, MI",metro
north_wilkesboro_nc,"north wilkesboro, nc","North Wilkesboro, NC",,"North Wilkesboro, NC",metro
aberdeen_wa,"aberdeen, wa","Aberdeen, WA",,"Aberdeen, WA",metro
greeneville_tn,"greeneville, tn","Greeneville, TN",,"Greeneville, TN",metro
huntsville_tx,"huntsville, tx","Huntsville, TX",,"Huntsville, TX",metro
klamath_falls_or,"klamath falls, or","Klamath Falls, OR",,"Klamath Falls, OR",metro
shawnee_ok,"shawnee, ok","Shawnee, OK",,"Shawnee, OK",metro
coos_bay_or,"Coos Bay-North Bend, OR","Coos Bay, OR",,"Coos Bay, OR",metro
forest_city_nc,"forest city, nc","Forest City, NC",,"Forest City, NC",metro
owosso_mi,"owosso, mi","Owosso, MI",,,metro
richmond_in,"richmond, in","Richmond, IN",,"Richmond, IN",metro
marion_in,"marion, in","Marion, IN",,"Marion, IN",metro
muskogee_ok,"muskogee, ok","Muskogee, OK",,"Muskogee, OK",metro
lewiston_id,"lewiston, id-wa","Lewiston, ID",,"Lewiston, ID-WA",metro
clearlake_ca,"clearlake, ca","Clearlake, CA",,"Clearlake, CA",metro
baraboo_wi,"baraboo, wi","Baraboo, WI",,"Baraboo, WI",metro
somerset_ky,"somerset, ky","Somerset, KY",,"Somerset, KY",metro
mount_pleasant_mi,"mount pleasant, mi","Mount Pleasant, MI",,"Mount Pleasant, MI",metro
lagrange_ga,"LaGrange, GA-AL","LaGrange, GA",,"LaGrange, GA-AL",metro
statesboro_ga,"statesboro, ga","Statesboro, GA",,"Statesboro, GA",metro
hudson_ny,"hudson, ny","Hudson, NY",,"Hudson, NY",metro
marietta_oh,"marietta, oh","Marietta, OH",,"Marietta, OH",metro
enid_ok,"enid, ok","Enid, OK",,"Enid, OK",metro
rutland_vt,"rutland, vt","Rutland, VT",,"Rutland, VT",metro
hutchinson_ks,"hutchinson, ks","Hutchinson, KS",,"Hutchinson, KS",metro
charleston_il,"charleston-mattoon, il","Charleston, IL",,"Charleston-Mattoon, IL",metro
georgetown_sc,"Georgetown, SC","Georgetown, SC",,"Georgetown, SC",metro
lake_city_fl,"lake city, fl","Lake City, FL",,"Lake City, FL",metro
fort_madison_ia,"Fort Madison, IA","Fort Madison, IA",,"Fort Madison-Keokuk, IA-IL-MO",metro
alamogordo_nm,"alamogordo, nm","Alamogordo, NM",,"Alamogordo, NM",metro
marshall_tx,,"Marshall, TX",,,metro
laconia_nh,"laconia, nh","Laconia, NH",,"Laconia, NH",metro
crossville_tn,"crossville, tn","Crossville, TN",,"Crossville, TN",metro
barre_vt,"barre, vt","Barre, VT",,"Barre, VT",metro
sayre_pa,"sayre, pa","Sayre, PA",,"Sayre, PA",metro
salina_ks,"salina, ks","Salina, KS",,"Salina, KS",metro
kapaa_hi,"kapaa, hi","Kapaa, HI",,"Kapaa, HI",metro
fergus_falls_mn,"fergus falls, mn","Fergus Falls, MN",,"Fergus Falls, MN",metro
hobbs_nm,"hobbs, nm","Hobbs, NM",,"Hobbs, NM",metro
nacogdoches_tx,"nacogdoches, tx","Nacogdoches, TX",,"Nacogdoches, TX",metro
walla_walla_wa,"walla walla, wa","Walla Walla, WA",,"Walla Walla, WA",metro
shelton_wa,"shelton, wa","Shelton, WA",,"Shelton, WA",metro
oneonta_ny,"oneonta, ny","Oneonta, NY",,"Oneonta, NY",metro
farmington_mo,"farmington, mo","Farmington, MO",,"Farmington, MO",metro
elizabeth_city_nc,"elizabeth city, nc","Elizabeth City, NC",,"Elizabeth City, NC",metro
fremont_oh,"fremont, oh","Fremont, OH",,"Fremont, OH",metro
fairmont_wv,"fairmont, wv","Fairmont, WV",,"Fairmont, WV",metro
marion_oh,"marion, oh","Marion, OH",,"Marion, OH",metro
kinston_nc,"kinston, nc","Kinston, NC",,"Kinston, NC",metro
athens_oh,"athens, oh","Athens, OH",,"Athens, OH",metro
columbus_ms,"columbus, ms","Columbus, MS",,"Columbus, MS",metro
albemarle_nc,"albemarle, nc","Albemarle, NC",,"Albemarle, NC",metro
red_bluff_ca,"red bluff, ca","Red Bluff, CA",,"Red Bluff, CA",metro
roswell_nm,"roswell, nm","Roswell, NM",,"Roswell, NM",metro
batavia_ny,"batavia, ny","Batavia, NY",,"Batavia, NY",metro
big_stone_gap_va,,"Big Stone Gap, VA",,"Big Stone Gap, VA",metro
gallup_nm,"gallup, nm","Gallup, NM",,"Gallup, NM",metro
sturgis_mi,"sturgis, mi","Sturgis, MI",,"Sturgis, MI",metro
faribault_mn,"faribault-northfield, mn","Faribault, MN",,"Faribault-Northfield, MN",metro
sterling_il,"sterling, il","Sterling, IL",,"Sterling, IL",metro
sanford_nc,"sanford, nc","Sanford, NC",,"Sanford, NC",metro
durango_co,"durango, co","Durango, CO",,"Durango, CO",metro
mount_vernon_oh,"mount vernon, oh","Mount Vernon, OH",,"Mount Vernon, OH",metro
point_pleasant_wv,,"Point Pleasant, WV",,"Point Pleasant, WV-OH",metro
ionia_mi,"Ionia, MI","Ionia, MI",,,metro
norwalk_oh,"norwalk, oh","Norwalk, OH",,"Norwalk, OH",metro
mason_city_ia,"mason city, ia","Mason City, IA",,"Mason City, IA",metro
payson_az,"payson, az","Payson, AZ",,"Payson, AZ",metro
kearney_ne,"kearney, ne","Kearney, NE",,"Kearney, NE",metro
oil_city_pa,"oil city, pa","Oil City, PA",,"Oil City, PA",metro
sonora_ca,"sonora, ca","Sonora, CA",,"Sonora, CA",metro
carlsbad_nm,"carlsbad-artesia, nm","Carlsbad, NM",,"Carlsbad-Artesia, NM",metro
gloversville_ny,"gloversville, ny","Gloversville, NY",,"Gloversville, NY",metro
jefferson_ga,"jefferson, ga","Jefferson, GA",,"Jefferson, GA",metro
vicksburg_ms,"vicksburg, ms","Vicksburg, MS",,"Vicksburg, MS",metro
gaffney_sc,"gaffney, sc","Gaffney, SC",,"Gaffney, SC",metro
jasper_in,"jasper, in","Jasper, IN",,"Jasper, IN",metro
dublin_ga,"dublin, ga","Dublin, GA",,"Dublin, GA",metro
bartlesville_ok,"bartlesville, ok","Bartlesville, OK",,"Bartlesville, OK",metro
oxford_nc,,"Oxford, NC",,,metro
glasgow_ky,"glasgow, ky","Glasgow, KY",,"Glasgow, KY",metro
carson_city_nv,"carson city, nv","Carson City, NV",,"Carson City, NV",metro
tiffin_oh,"tiffin, oh","Tiffin, OH",,"Tiffin, OH",metro
kerrville_tx,"kerrville, tx","Kerrville, TX",,"Kerrville, TX",metro
galesburg_il,"galesburg, il","Galesburg, IL",,"Galesburg, IL",metro
scottsboro_al,"scottsboro, al","Scottsboro, AL",,"Scottsboro, AL",metro
newport_or,"newport, or","Newport, OR",,"Newport, OR",metro
boone_nc,"boone, nc","Boone, NC",,"Boone, NC",metro
oxford_ms,"oxford, ms","Oxford, MS",,"Oxford, MS",metro
danville_ky,"danville, ky","Danville, KY",,"Danville, KY",metro
athens_tn,"athens, tn","Athens, TN",,"Athens, TN",metro
greenville_oh,"greenville, oh","Greenville, OH",,"Greenville, OH",metro
picayune_ms,"picayune, ms","Picayune, MS",,"Picayune, MS",metro
gardnerville_ranchos_nv,"Gardnerville Ranchos, NV-CA","Gardnerville Ranchos, NV",,"Gardnerville Ranchos, NV",metro
waycross_ga,"waycross, ga","Waycross, GA",,"Waycross, GA",metro
elko_nv,"elko, nv","Elko, NV",,"Elko, NV",metro
rochelle_il,"rochelle, il","Rochelle, IL",,"Rochelle, IL",metro
mccomb_ms,"mccomb, ms","McComb, MS",,"McComb, MS",metro
ashland_oh,"ashland, oh","Ashland, OH",,"Ashland, OH",metro
enterprise_al,"enterprise, al","Enterprise, AL",,"Enterprise, AL",metro
warrensburg_mo,"warrensburg, mo","Warrensburg, MO",,"Warrensburg, MO",metro
burlington_ia,"burlington, ia-il","Burlington, IA",,"Burlington, IA-IL",metro
washington_nc,"washington, nc","Washington, NC",,"Washington, NC",metro
fernley_nv,,"Fernley, NV",,"Fernley, NV",metro
morgan_city_la,"morgan city, la","Morgan City, LA",,"Morgan City, LA",metro
amsterdam_ny,"amsterdam, ny","Amsterdam, NY",,"Amsterdam, NY",metro
paris_tx,"paris, tx","Paris, TX",,"Paris, TX",metro
calhoun_ga,"calhoun, ga","Calhoun, GA",,"Calhoun, GA",metro
natchez_ms,"natchez, ms-la","Natchez, MS",,"Natchez, MS-LA",metro
starkville_ms,"starkville, ms","Starkville, MS",,"Starkville, MS",metro
clinton_ia,"clinton, ia","Clinton, IA",,"Clinton, IA",metro
ozark_al,"ozark, al","Ozark, AL",,"Ozark, AL",metro
platteville_wi,"platteville, wi","Platteville, WI",,"Platteville, WI",metro
edwards_co,"edwards, co","Edwards, CO",,"Edwards, CO",metro
norfolk_ne,"norfolk, ne","Norfolk, NE",,"Norfolk, NE",metro
winona_mn,"winona, mn","Winona, MN",,"Winona, MN",metro
milledgeville_ga,"milledgeville, ga","Milledgeville, GA",,"Milledgeville, GA",metro
freeport_il,"freeport, il","Freeport, IL",,"Freeport, IL",metro
cadillac_mi,"cadillac, mi","Cadillac, MI",,"Cadillac, MI",metro
red_wing_mn,"red wing, mn","Red Wing, MN",,"Red Wing, MN",metro
malone_ny,,"Malone, NY",,"Malone, NY",metro
st_marys_ga,,"St. Marys, GA",,"St. Marys, GA",metro
ardmore_ok,"ardmore, ok","Ardmore, OK",,"Ardmore, OK",metro
fort_polk_south_la,,"Fort Polk South, LA",,"Fort Polk South, LA",metro
clovis_nm,"clovis, nm","Clovis, NM",,"Clovis, NM",metro
pullman_wa,"pullman, wa","Pullman, WA",,"Pullman, WA",metro
ontario_or,"ontario, or-id","Ontario, OR",,"Ontario, OR-ID",metro
lewistown_pa,"lewistown, pa","Lewistown, PA",,"Lewistown, PA",metro
madisonville_ky,"madisonville, ky","Madisonville, KY",,"Madisonville, KY",metro
shawano_wi,"shawano, wi","Shawano, WI",,"Shawano, WI",metro
bedford_in,"bedford, in","Bedford, IN",,"Bedford, IN",metro
harrison_ar,"harrison, ar","Harrison, AR",,"Harrison, AR",metro
new_castle_in,"new castle, in","New Castle, IN",,"New Castle, IN",metro
tahlequah_ok,"tahlequah, ok","Tahlequah, OK",,"Tahlequah, OK",metro
cortland_ny,"cortland, ny","Cortland, NY",,"Cortland, NY",metro
mountain_home_ar,"mountain home, ar","Mountain Home, AR",,"Mountain Home, AR",metro
gillette_wy,"gillette, wy","Gillette, WY",,"Gillette, WY",metro
aberdeen_sd,"aberdeen, sd","Aberdeen, SD",,"Aberdeen, SD",metro
sidney_oh,"sidney, oh","Sidney, OH",,"Sidney, OH",metro
ruston_la,"ruston, la","Ruston, LA",,"Ruston, LA",metro
mount_sterling_ky,"mount sterling, ky","Mount Sterling, KY",,"Mount Sterling, KY",metro
wapakoneta_oh,"wapakoneta, oh","Wapakoneta, OH",,"Wapakoneta, OH",metro
rio_grande_city_tx,"Rio Grande City-Roma, TX","Rio Grande City, TX",,"Rio Grande City-Roma, TX",metro
rockingham_nc,"rockingham, nc","Rockingham, NC",,"Rockingham, NC",metro
ponca_city_ok,"ponca city, ok","Ponca City, OK",,"Ponca City, OK",metro
greenville_ms,"greenville, ms","Greenville, MS",,"Greenville, MS",metro
sandpoint_id,"sandpoint, id","Sandpoint, ID",,"Sandpoint, ID",metro
bellefontaine_oh,"bellefontaine, oh","Bellefontaine, OH",,"Bellefontaine, OH",metro
durant_ok,"durant, ok","Durant, OK",,"Durant, OK",metro
jacksonville_tx,"jacksonville, tx","Jacksonville, TX",,"Jacksonville, TX",metro
marion_nc,"marion, nc","Marion, NC",,"Marion, NC",metro
thomasville_ga,"thomasville, ga","Thomasville, GA",,"Thomasville, GA",metro
bemidji_mn,"bemidji, mn","Bemidji, MN",,"Bemidji, MN",metro
bogalusa_la,"bogalusa, la","Bogalusa, LA",,"Bogalusa, LA",metro
bardstown_ky,,"Bardstown, KY",,"Bardstown, KY",metro
ellensburg_wa,"ellensburg, wa","Ellensburg, WA",,"Ellensburg, WA",metro
poplar_bluff_mo,"poplar bluff, mo","Poplar Bluff, MO",,"Poplar Bluff, MO",metro
duncan_ok,"duncan, ok","Duncan, OK",,"Duncan, OK",metro
port_clinton_oh,,"Port Clinton, OH",,,metro
pahrump_nv,"pahrump, nv","Pahrump, NV",,"Pahrump, NV",metro
bucyrus_oh,"bucyrus, oh","Bucyrus, OH",,"Bucyrus-Galion, OH",metro
corsicana_tx,"corsicana, tx","Corsicana, TX",,"Corsicana, TX",metro
kendallville_in,"kendallville, in","Kendallville, IN",,"Kendallville, IN",metro
plymouth_in,"plymouth, in","Plymouth, IN",,"Plymouth, IN",metro
hillsdale_mi,"hillsdale, mi","Hillsdale, MI",,"Hillsdale, MI",metro
ottumwa_ia,"ottumwa, ia","Ottumwa, IA",,"Ottumwa, IA",metro
warren_pa,"warren, pa","Warren, PA",,"Warren, PA",metro
shelbyville_tn,"shelbyville, tn","Shelbyville, TN",,"Shelbyville, TN",metro
rolla_mo,"rolla, mo","Rolla, MO",,"Rolla, MO",metro
mcalester_ok,"mcalester, ok","McAlester, OK",,"McAlester, OK",metro
seymour_in,"seymour, in","Seymour, IN",,"Seymour, IN",metro
paragould_ar,"paragould, ar","Paragould, AR",,"Paragould, AR",metro
henderson_nc,"henderson, nc","Henderson, NC",,"Henderson, NC",metro
huntingdon_pa,"huntingdon, pa","Huntingdon, PA",,"Huntingdon, PA",metro
palestine_tx,"palestine, tx","Palestine, TX",,"Palestine, TX",metro
cullowhee_nc,,"Cullowhee, NC",,"Cullowhee, NC",metro
rock_springs_wy,"rock springs, wy","Rock Springs, WY",,"Rock Springs, WY",metro
menomonie_wi,"menomonie, wi","Menomonie, WI",,"Menomonie, WI",metro
willmar_mn,"willmar, mn","Willmar, MN",,"Willmar, MN",metro
canon_city_co,"canon city, co","Caon City, CO",,"Caon City, CO",metro
eagle_pass_tx,"eagle pass, tx","Eagle Pass, TX",,"Eagle Pass, TX",metro
bradford_pa,"bradford, pa","Bradford, PA",,"Bradford, PA",metro
laramie_wy,"laramie, wy","Laramie, WY",,"Laramie, WY",metro
blytheville_ar,"blytheville, ar","Blytheville, AR",,"Blytheville, AR",metro
kill_devil_hills_nc,"kill devil hills, nc","Kill Devil Hills, NC",,"Kill Devil Hills, NC",metro
berlin_nh,,"Berlin, NH",,"Berlin, NH",metro
fort_leonard_wood_mo,"fort leonard wood, mo","Fort Leonard Wood, MO",,"Fort Leonard Wood, MO",metro
muscatine_ia,"muscatine, ia","Muscatine, IA",,"Muscatine, IA",metro
lawrenceburg_tn,"lawrenceburg, tn","Lawrenceburg, TN",,"Lawrenceburg, TN",metro
montrose_co,"montrose, co","Montrose, CO",,"Montrose, CO",metro
big_rapids_mi,"big rapids, mi","Big Rapids, MI",,"Big Rapids, MI",metro
sedalia_mo,"sedalia, mo","Sedalia, MO",,"Sedalia, MO",metro
moultrie_ga,"moultrie, ga","Moultrie, GA",,"Moultrie, GA",metro
el_dorado_ar,"el dorado, ar","El Dorado, AR",,"El Dorado, AR",metro
wilmington_oh,"wilmington, oh","Wilmington, OH",,"Wilmington, OH",metro
astoria_or,"astoria, or","Astoria, OR",,"Astoria, OR",metro
coldwater_mi,"coldwater, mi","Coldwater, MI",,"Coldwater, MI",metro
del_rio_tx,"del rio, tx","Del Rio, TX",,"Del Rio, TX",metro
cambridge_oh,"cambridge, oh","Cambridge, OH",,"Cambridge, OH",metro
auburn_in,"auburn, in","Auburn, IN",,"Auburn, IN",metro
west_plains_mo,"west plains, mo","West Plains, MO",,"West Plains, MO",metro
jacksonville_il,"jacksonville, il","Jacksonville, IL",,"Jacksonville, IL",metro
murray_ky,"murray, ky","Murray, KY",,"Murray, KY",metro
selma_al,"selma, al","Selma, AL",,"Selma, AL",metro
easton_md,"easton, md","Easton, MD",,"Easton, MD",metro
alexandria_mn,"alexandria, mn","Alexandria, MN",,"Alexandria, MN",metro
escanaba_mi,"escanaba, mi","Escanaba, MI",,"Escanaba, MI",metro
mcminnville_tn,"mcminnville, tn","McMinnville, TN",,"McMinnville, TN",metro
austin_mn,"austin, mn","Austin, MN",,"Austin, MN",metro
celina_oh,"celina, oh","Celina, OH",,"Celina, OH",metro
cedar_city_ut,"cedar city, ut","Cedar City, UT",,"Cedar City, UT",metro
centralia_il,"centralia, il","Centralia, IL",,"Centralia, IL",metro
espa_nm,"Espanola, NM","Espaola, NM",,"Espaola, NM",metro
pittsburg_ks,"pittsburg, ks","Pittsburg, KS",,"Pittsburg, KS",metro
riverton_wy,"riverton, wy","Riverton, WY",,"Riverton, WY",metro
natchitoches_la,"natchitoches, la","Natchitoches, LA",,"Natchitoches, LA",metro
hannibal_mo,"hannibal, mo","Hannibal, MO",,"Hannibal, MO",metro
cornelia_ga,"cornelia, ga","Cornelia, GA",,"Cornelia, GA",metro
scottsbluff_ne,"scottsbluff, ne","Scottsbluff, NE",,"Scottsbluff, NE",metro
butte_mt,"butte-silver bow, mt","Butte, MT",,"Butte-Silver Bow, MT",metro
sikeston_mo,"sikeston, mo","Sikeston, MO",,"Sikeston, MO",metro
greenwood_ms,"greenwood, ms","Greenwood, MS",,"Greenwood, MS",metro
marshalltown_ia,"marshalltown, ia","Marshalltown, IA",,"Marshalltown, IA",metro
moscow_id,"moscow, id","Moscow, ID",,"Moscow, ID",metro
north_platte_ne,"north platte, ne","North Platte, NE",,"North Platte, NE",metro
rexburg_id,"rexburg, id","Rexburg, ID",,"Rexburg, ID",metro
burley_id,"burley, id","Burley, ID",,"Burley, ID",metro
lock_haven_pa,"lock haven, pa","Lock Haven, PA",,"Lock Haven, PA",metro
bennington_vt,"bennington, vt","Bennington, VT",,"Bennington, VT",metro
mount_vernon_il,"mount vernon, il","Mount Vernon, IL",,"Mount Vernon, IL",metro
nogales_az,"nogales, az","Nogales, AZ",,"Nogales, AZ",metro
el_campo_tx,"el campo, tx","El Campo, TX",,"El Campo, TX",metro
taos_nm,"taos, nm","Taos, NM",,"Taos, NM",metro
mayfield_ky,"mayfield, ky","Mayfield, KY",,"Mayfield, KY",metro
stephenville_tx,"stephenville, tx","Stephenville, TX",,"Stephenville, TX",metro
union_city_tn,"Union City, TN","Union City, TN",,"Union City, TN",metro
tifton_ga,"tifton, ga","Tifton, GA",,"Tifton, GA",metro
fort_dodge_ia,"fort dodge, ia",,,"Fort Dodge, IA",metro
selinsgrove_pa,"selinsgrove, pa","Selinsgrove, PA",,"Selinsgrove, PA",metro
defiance_oh,"defiance, oh","Defiance, OH",,"Defiance, OH",metro
vincennes_in,"vincennes, in","Vincennes, IN",,"Vincennes, IN",metro
lewisburg_pa,"lewisburg, pa","Lewisburg, PA",,"Lewisburg, PA",metro
crawfordsville_in,"crawfordsville, in","Crawfordsville, IN",,"Crawfordsville, IN",metro
fremont_ne,"fremont, ne","Fremont, NE",,"Fremont, NE",metro
houghton_mi,"houghton, mi","Houghton, MI",,"Houghton, MI",metro
blackfoot_id,"blackfoot, id","Blackfoot, ID",,"Blackfoot, ID",metro
corinth_ms,"corinth, ms","Corinth, MS",,"Corinth, MS",metro
newberry_sc,"newberry, sc","Newberry, SC",,"Newberry, SC",metro
dyersburg_tn,"dyersburg, tn","Dyersburg, TN",,"Dyersburg, TN",metro
williston_nd,"williston, nd","Williston, ND",,"Williston, ND",metro
newton_ia,,"Newton, IA",,,metro
ada_ok,"ada, ok","Ada, OK",,"Ada, OK",metro
gainesville_tx,"gainesville, tx","Gainesville, TX",,"Gainesville, TX",metro
cedartown_ga,"cedartown, ga","Cedartown, GA",,"Cedartown, GA",metro
urbana_oh,"urbana, oh","Urbana, OH",,"Urbana, OH",metro
douglas_ga,"douglas, ga","Douglas, GA",,"Douglas, GA",metro
brownwood_tx,"brownwood, tx","Brownwood, TX",,"Brownwood, TX",metro
newport_tn,"newport, tn","Newport, TN",,"Newport, TN",metro
alma_mi,"alma, mi","Alma, MI",,"Alma, MI",metro
brevard_nc,"brevard, nc","Brevard, NC",,"Brevard, NC",metro
alice_tx,"alice, tx","Alice, TX",,"Alice, TX",metro
logansport_in,"logansport, in","Logansport, IN",,"Logansport, IN",metro
batesville_ar,"batesville, ar","Batesville, AR",,"Batesville, AR",metro
coshocton_oh,"coshocton, oh","Coshocton, OH",,"Coshocton, OH",metro
summit_park_ut,,"Summit Park, UT",,,metro
owatonna_mn,"owatonna, mn","Owatonna, MN",,"Owatonna, MN",metro
hutchinson_mn,"hutchinson, mn","Hutchinson, MN",,"Hutchinson, MN",metro
dickinson_nd,"dickinson, nd","Dickinson, ND",,"Dickinson, ND",metro
sault_ste_marie_mi,"sault ste. marie, mi","Sault Ste. Marie, MI",,"Sault Ste. Marie, MI",metro
pontiac_il,"pontiac, il","Pontiac, IL",,"Pontiac, IL",metro
bay_city_tx,"bay city, tx","Bay City, TX",,"Bay City, TX",metro
garden_city_ks,"garden city, ks","Garden City, KS",,"Garden City, KS",metro
logan_wv,"Logan, WV","Logan, WV",,,metro
huntington_in,"huntington, in","Huntington, IN",,"Huntington, IN",metro
lebanon_mo,"lebanon, mo","Lebanon, MO",,"Lebanon, MO",metro
valley_al,,"Valley, AL",,,metro
canton_il,"canton, il","Canton, IL",,,metro
okeechobee_fl,"okeechobee, fl","Okeechobee, FL",,"Okeechobee, FL",metro
jackson_wy,"jackson, wy-id","Jackson, WY",,"Jackson, WY-ID",metro
effingham_il,"effingham, il","Effingham, IL",,"Effingham, IL",metro
sulphur_springs_tx,"sulphur springs, tx","Sulphur Springs, TX",,"Sulphur Springs, TX",metro
arkansas_city_ks,"arkansas city-winfield, ks","Winfield, KS",,"Winfield, KS",metro
brenham_tx,"brenham, tx","Brenham, TX",,"Brenham, TX",metro
vidalia_ga,"vidalia, ga","Vidalia, GA",,"Vidalia, GA",metro
taylorville_il,"taylorville, il","Taylorville, IL",,"Taylorville, IL",metro
coffeyville_ks,,"Coffeyville, KS",,"Coffeyville, KS",metro
martin_tn,"martin, tn","Martin, TN",,"Martin, TN",metro
paris_tn,"paris, tn","Paris, TN",,"Paris, TN",metro
junction_city_ks,,"Junction City, KS",,,metro
americus_ga,"americus, ga","Americus, GA",,"Americus, GA",metro
angola_in,"angola, in","Angola, IN",,"Angola, IN",metro
iron_mountain_mi,"iron mountain, mi-wi","Iron Mountain, MI",,"Iron Mountain, MI-WI",metro
cambridge_md,"cambridge, md","Cambridge, MD",,"Cambridge, MD",metro
deridder_la,"deridder, la","DeRidder, LA",,"DeRidder, LA",metro
troy_al,"troy, al","Troy, AL",,"Troy, AL",metro
brookhaven_ms,"brookhaven, ms","Brookhaven, MS",,"Brookhaven, MS",metro
laurinburg_nc,"laurinburg, nc","Laurinburg, NC",,"Laurinburg, NC",metro
seneca_falls_ny,"seneca falls, ny","Seneca Falls, NY",,"Seneca Falls, NY",metro
dixon_il,"dixon, il","Dixon, IL",,"Dixon, IL",metro
emporia_ks,"emporia, ks","Emporia, KS",,"Emporia, KS",metro
albert_lea_mn,"albert lea, mn","Albert Lea, MN",,"Albert Lea, MN",metro
columbus_ne,"columbus, ne","Columbus, NE",,"Columbus, NE",metro
peru_in,"peru, in","Peru, IN",,"Peru, IN",metro
sheridan_wy,"sheridan, wy","Sheridan, WY",,"Sheridan, WY",metro
juneau_ak,"juneau, ak","Juneau, AK",,"Juneau, AK",metro
brookings_sd,"brookings, sd","Brookings, SD",,"Brookings, SD",metro
breckenridge_co,"breckenridge, co","Breckenridge, CO",,"Breckenridge, CO",metro
jackson_oh,"Jackson, OH","Jackson, OH",,"Jackson, OH",metro
madison_in,"madison, in","Madison, IN",,"Madison, IN",metro
alpena_mi,"alpena, mi","Alpena, MI",,"Alpena, MI",metro
macomb_il,"macomb, il","Macomb, IL",,"Macomb, IL",metro
malvern_ar,"malvern, ar","Malvern, AR",,"Malvern, AR",metro
cleveland_ms,"cleveland, ms",,,"Cleveland, MS",metro
camden_ar,"camden, ar","Camden, AR",,"Camden, AR",metro
hastings_ne,"hastings, ne","Hastings, NE",,"Hastings, NE",metro
dayton_tn,,"Dayton, TN",,"Dayton, TN",metro
silver_city_nm,"silver city, nm","Silver City, NM",,"Silver City, NM",metro
big_spring_tx,"big spring, tx","Big Spring, TX",,"Big Spring, TX",metro
wabash_in,"wabash, in","Wabash, IN",,"Wabash, IN",metro
vernal_ut,"vernal, ut","Vernal, UT",,"Vernal, UT",metro
kennett_mo,"kennett, mo","Kennett, MO",,"Kennett, MO",metro
miami_ok,"miami, ok","Miami, OK",,"Miami, OK",metro
clewiston_fl,"clewiston, fl","Clewiston, FL",,"Clewiston, FL",metro
hays_ks,"hays, ks","Hays, KS",,"Hays, KS",metro
lewisburg_tn,"lewisburg, tn","Lewisburg, TN",,"Lewisburg, TN",metro
decatur_in,"decatur, in","Decatur, IN",,"Decatur, IN",metro
ludington_mi,"ludington, mi","Ludington, MI",,"Ludington, MI",metro
watertown_sd,"watertown, sd","Watertown, SD",,"Watertown, SD",metro
merrill_wi,,"Merrill, WI",,,metro
mcpherson_ks,"mcpherson, ks","McPherson, KS",,"McPherson, KS",metro
weatherford_ok,"weatherford, ok","Weatherford, OK",,"Weatherford, OK",metro
elkins_wv,"elkins, wv","Elkins, WV",,"Elkins, WV",metro
washington_in,"washington, in","Washington, IN",,"Washington, IN",metro
frankfort_in,"frankfort, in","Frankfort, IN",,"Frankfort, IN",metro
safford_az,"safford, az","Safford, AZ",,"Safford, AZ",metro
kirksville_mo,"kirksville, mo","Kirksville, MO",,"Kirksville, MO",metro
arcadia_fl,"arcadia, fl","Arcadia, FL",,"Arcadia, FL",metro
las_vegas_nm,"las vegas, nm","Las Vegas, NM",,"Las Vegas, NM",metro
kingsville_tx,"kingsville, tx","Kingsville, TX",,"Kingsville, TX",metro
middlesborough_ky,"middlesborough, ky","Middlesborough, KY",,"Middlesborough, KY",metro
dodge_city_ks,"dodge city, ks","Dodge City, KS",,"Dodge City, KS",metro
washington_court_house_oh,"washington court house, oh","Washington Court House, OH",,"Washington Court House, OH",metro
van_wert_oh,"van wert, oh","Van Wert, OH",,"Van Wert, OH",metro
plainview_tx,"plainview, tx","Plainview, TX",,"Plainview, TX",metro
fredericksburg_tx,"fredericksburg, tx","Fredericksburg, TX",,"Fredericksburg, TX",metro
hailey_id,"hailey, id","Hailey, ID",,"Hailey, ID",metro
great_bend_ks,"great bend, ks","Great Bend, KS",,"Great Bend, KS",metro
spearfish_sd,"spearfish, sd","Spearfish, SD",,"Spearfish, SD",metro
mineral_wells_tx,"mineral wells, tx","Mineral Wells, TX",,"Mineral Wells, TX",metro
boone_ia,"Boone, IA","Boone, IA",,,metro
lincoln_il,"lincoln, il","Lincoln, IL",,"Lincoln, IL",metro
mount_pleasant_tx,"mount pleasant, tx","Mount Pleasant, TX",,"Mount Pleasant, TX",metro
la_grande_or,"la grande, or","La Grande, OR",,"La Grande, OR",metro
new_ulm_mn,"new ulm, mn","New Ulm, MN",,"New Ulm, MN",metro
fort_morgan_co,"fort morgan, co","Fort Morgan, CO",,"Fort Morgan, CO",metro
brookings_or,"brookings, or","Brookings, OR",,"Brookings, OR",metro
greensburg_in,"greensburg, in","Greensburg, IN",,"Greensburg, IN",metro
north_vernon_in,,"North Vernon, IN",,"North Vernon, IN",metro
jesup_ga,"jesup, ga","Jesup, GA",,"Jesup, GA",metro
bastrop_la,,"Bastrop, LA",,,metro
the_dalles_or,"the dalles, or","The Dalles, OR",,"The Dalles, OR",metro
thomaston_ga,"thomaston, ga","Thomaston, GA",,"Thomaston, GA",metro
steamboat_springs_co,"steamboat springs, co","Steamboat Springs, CO",,"Steamboat Springs, CO",metro
marshall_mn,"marshall, mn","Marshall, MN",,"Marshall, MN",metro
bainbridge_ga,"bainbridge, ga","Bainbridge, GA",,"Bainbridge, GA",metro
altus_ok,"altus, ok","Altus, OK",,"Altus, OK",metro
campbellsville_ky,"campbellsville, ky","Campbellsville, KY",,"Campbellsville, KY",metro
bennettsville_sc,,"Bennettsville, SC",,"Bennettsville, SC",metro
ottawa_ks,"ottawa, ks","Ottawa, KS",,"Ottawa, KS",metro
mountain_home_id,"mountain home, id","Mountain Home, ID",,"Mountain Home, ID",metro
toccoa_ga,"toccoa, ga","Toccoa, GA",,"Toccoa, GA",metro
mitchell_sd,"mitchell, sd","Mitchell, SD",,"Mitchell, SD",metro
crescent_city_ca,"crescent city, ca","Crescent City, CA",,"Crescent City, CA",metro
mexico_mo,"mexico, mo","Mexico, MO",,"Mexico, MO",metro
lexington_ne,"lexington, ne","Lexington, NE",,"Lexington, NE",metro
fallon_nv,"fallon, nv","Fallon, NV",,"Fallon, NV",metro
wahpeton_nd,"wahpeton, nd-mn","Wahpeton, ND",,"Wahpeton, ND-MN",metro
beeville_tx,"beeville, tx","Beeville, TX",,"Beeville, TX",metro
uvalde_tx,"uvalde, tx","Uvalde, TX",,"Uvalde, TX",metro
pierre_sd,"pierre, sd","Pierre, SD",,"Pierre, SD",metro
deming_nm,"deming, nm","Deming, NM",,"Deming, NM",metro
susanville_ca,"susanville, ca","Susanville, CA",,"Susanville, CA",metro
magnolia_ar,"magnolia, ar","Magnolia, AR",,"Magnolia, AR",metro
connersville_in,"connersville, in","Connersville, IN",,"Connersville, IN",metro
jamestown_nd,"jamestown, nd","Jamestown, ND",,"Jamestown, ND",metro
beatrice_ne,"beatrice, ne","Beatrice, NE",,"Beatrice, NE",metro
moberly_mo,"moberly, mo","Moberly, MO",,"Moberly, MO",metro
heber_ut,"heber, ut","Heber, UT",,"Heber, UT",metro
yankton_sd,"yankton, sd","Yankton, SD",,"Yankton, SD",metro
summerville_ga,"summerville, ga","Summerville, GA",,"Summerville, GA",metro
grants_nm,,"Grants, NM",,"Grants, NM",metro
forrest_city_ar,"forrest city, ar","Forrest City, AR",,"Forrest City, AR",metro
oskaloosa_ia,"oskaloosa, ia","Oskaloosa, IA",,"Oskaloosa, IA",metro
marshall_mo,"marshall, mo","Marshall, MO",,"Marshall, MO",metro
elk_city_ok,"elk city, ok","Elk City, OK",,"Elk City, OK",metro
clarksdale_ms,"clarksdale, ms",,,"Clarksdale, MS",metro
grenada_ms,"grenada, ms","Grenada, MS",,"Grenada, MS",metro
cordele_ga,"cordele, ga","Cordele, GA",,"Cordele, GA",metro
prineville_or,,"Prineville, OR",,"Prineville, OR",metro
borger_tx,"borger, tx","Borger, TX",,"Borger, TX",metro
hood_river_or,"hood river, or","Hood River, OR",,"Hood River, OR",metro
pampa_tx,"pampa, tx","Pampa, TX",,"Pampa, TX",metro
arkadelphia_ar,"arkadelphia, ar","Arkadelphia, AR",,"Arkadelphia, AR",metro
levelland_tx,,"Levelland, TX",,"Levelland, TX",metro
woodward_ok,"woodward, ok","Woodward, OK",,"Woodward, OK",metro
parsons_ks,,"Parsons, KS",,"Parsons, KS",metro
maryville_mo,"maryville, mo","Maryville, MO",,"Maryville, MO",metro
indianola_ms,,"Indianola, MS",,"Indianola, MS",metro
wauchula_fl,,"Wauchula, FL",,"Wauchula, FL",metro
port_lavaca_tx,"port lavaca, tx","Port Lavaca, TX",,"Port Lavaca, TX",metro
vineyard_haven_ma,"vineyard haven, ma","Vineyard Haven, MA",,"Vineyard Haven, MA",metro
sterling_co,"sterling, co","Sterling, CO",,"Sterling, CO",metro
worthington_mn,"worthington, mn","Worthington, MN",,"Worthington, MN",metro
spirit_lake_ia,"spirit lake, ia","Spirit Lake, IA",,"Spirit Lake, IA",metro
evanston_wy,"Evanston, WY-UT","Evanston, WY",,"Evanston, WY",metro
price_ut,"price, ut","Price, UT",,"Price, UT",metro
guymon_ok,"guymon, ok","Guymon, OK",,"Guymon, OK",metro
storm_lake_ia,"storm lake, ia","Storm Lake, IA",,"Storm Lake, IA",metro
huron_sd,"huron, sd","Huron, SD",,"Huron, SD",metro
helena_ar,,"Helena, AR",,"Helena-West Helena, AR",metro
liberal_ks,"liberal, ks","Liberal, KS",,"Liberal, KS",metro
los_alamos_nm,"los alamos, nm","Los Alamos, NM",,"Los Alamos, NM",metro
spencer_ia,"spencer, ia","Spencer, IA",,"Spencer, IA",metro
fairfield_ia,,"Fairfield, IA",,"Fairfield, IA",metro
dumas_tx,"dumas, tx","Dumas, TX",,"Dumas, TX",metro
portales_nm,,"Portales, NM",,"Portales, NM",metro
winnemucca_nv,"winnemucca, nv","Winnemucca, NV",,"Winnemucca, NV",metro
maysville_ky,,"Maysville, KY",,"Maysville, KY",metro
fitzgerald_ga,"fitzgerald, ga","Fitzgerald, GA",,"Fitzgerald, GA",metro
andrews_tx,"andrews, tx","Andrews, TX",,"Andrews, TX",metro
hereford_tx,"hereford, tx","Hereford, TX",,"Hereford, TX",metro
snyder_tx,"snyder, tx","Snyder, TX",,"Snyder, TX",metro
sweetwater_tx,"sweetwater, tx","Sweetwater, TX",,"Sweetwater, TX",metro
atchison_ks,"atchison, ks","Atchison, KS",,"Atchison, KS",metro
othello_wa,"othello, wa","Othello, WA",,"Othello, WA",metro
raymondville_tx,"raymondville, tx","Raymondville, TX",,"Raymondville, TX",metro
ketchikan_ak,"ketchikan, ak","Ketchikan, AK",,"Ketchikan, AK",metro
vermillion_sd,"vermillion, sd","Vermillion, SD",,"Vermillion, SD",metro
vernon_tx,"vernon, tx","Vernon, TX",,"Vernon, TX",metro
craig_co,,"Craig, CO",,"Craig, CO",metro
lamesa_tx,,"Lamesa, TX",,"Lamesa, TX",metro
zapata_tx,"zapata, tx","Zapata, TX",,"Zapata, TX",metro
pecos_tx,"Town of Pecos, TX","Pecos, TX",,"Pecos, TX",metro
stamford_ct,"Bridgeport-Stamford-Danbury, CT","Stamford, CT",,,metro
ventura_ca,"Oxnard-Thousand Oaks-Ventura, CA","Ventura, CA",,,metro
fort_myers_fl,"Cape Coral-Fort Myers, FL","Fort Myers, FL",,,metro
daytona_beach_fl,"Deltona-Daytona Beach-Ormond Beach, FL","Daytona Beach, FL",,,metro
melbourne_fl,"Palm Bay-Melbourne-Titusville, FL","Melbourne, FL",,,metro
new_london_ct,"Norwich-New London-Willimantic, CT","New London, CT",,,metro
vero_beach_fl,"Sebastian-Vero Beach-West Vero Corridor, FL","Vero Beach, FL",,,metro
poughkeepsie_ny,"Kiryas Joel-Poughkeepsie-Newburgh, NY","Poughkeepsie, NY",,"Poughkeepsie-Newburgh-Middletown, NY",metro
aguadilla_pr,"Aguadilla, PR",,,"Aguadilla-Isabela, PR",metro
ponce_pr,"Ponce, PR",,,"Ponce, PR",metro
arecibo_pr,"Arecibo, PR",,,"Arecibo, PR",metro
san_german_pr,"San Juan-Bayamon-Caguas, PR",,,"San Germn, PR",metro
mayaguez_pr,"Mayaguez, PR",,,"Mayagez, PR",metro
yauco_pr,,,,"Yauco, PR",metro
guayama_pr,"Guayama, PR",,,"Guayama, PR",metro
fort_payne_al,"Fort Payne, AL",,,"Fort Payne, AL",metro
jasper_al,,,,"Jasper, AL",metro
granbury_tx,"Granbury, TX",,,"Granbury, TX",metro
alexander_city_al,"Alexander City, AL",,,"Alexander City, AL",metro
minden_la,"Minden, LA",,,"Minden, LA",metro
coamo_pr,"Coamo, PR",,,"Coamo, PR",metro
atmore_al,,,,"Atmore, AL",metro
bonham_tx,"Bonham, TX",,,"Bonham, TX",metro
pella_ia,"Pella, IA",,,"Pella, IA",metro
mount_gay_wv,,"Mount Gay, WV",,"Mount Gay-Shamrock, WV",metro
jennings_la,,,,"Jennings, LA",metro
central_city_ky,,,,"Central City, KY",metro
st_marys_pa,"St. Marys, PA",,,"St. Marys, PA",metro
hope_ar,,,,"Hope, AR",metro
union_sc,"Union, SC",,,"Union, SC",metro
coco_pr,"Coco, PR",,,"Coco, PR",metro
eufaula_ga,"Eufaula, AL-GA",,,"Eufaula, AL-GA",metro
scottsburg_in,,,,"Scottsburg, IN",metro
rockport_tx,,,,"Rockport, TX",metro
santa_isabel_pr,,,,"Santa Isabel, PR",metro
pearsall_tx,,,,"Pearsall, TX",metro
carroll_ia,"Carroll, IA",,,"Carroll, IA",metro
fairmont_mn,"Fairmont, MN",,,"Fairmont, MN",metro
ruidoso_nm,"Ruidoso, NM",,,"Ruidoso, NM",metro
west_point_ms,,,,"West Point, MS",metro
brownsville_tn,,,,"Brownsville, TN",metro
jayuya_pr,,,,"Jayuya, PR",metro
bluffton_in,,,,,metro
elgin_il,"Chicago-Naperville-Elgin, IL-IN",,,,metro
coeur_d'alene_id,,,,,metro
fort_worth_tx,"Dallas-Fort Worth-Arlington, TX",,,,metro
warren_mi,"Detroit-Warren-Dearborn, MI",,,,metro
espaola_nm,"Espanola, NM",,,,metro
eufaula_al,"Eufaula, AL-GA",,,,metro
grand_rapids_mn,"Grand Rapids, MN",,,,metro
huntington_ashland_wv_ky_oh,"Huntington-Ashland, WV-KY-OH",,,,metro
anaheim_ca,"Los Angeles-Long Beach-Anaheim, CA","Anaheim, CA",,,metro
fort_lauderdale_fl,"Miami-Fort Lauderdale-West Palm Beach, FL",,Fort Lauderdale,,metro
newark_nj,"New York-Newark-Jersey City, NY-NJ","Newark, NJ",,,metro
wilmington_de,"Philadelphia-Camden-Wilmington, PA-NJ-DE-MD","Wilmington, DE",,,metro
camden_nj,"Philadelphia-Camden-Wilmington, PA-NJ-DE-MD",,,,metro
oakland_ca,"San Francisco-Oakland-Fremont, CA",,,,metro
tacoma_wa,"Seattle-Tacoma-Bellevue, WA",,,,metro
winfield_ks,"Arkansas City-Winfield, KS",,,,metro
youngstown_warren_boardman_oh_pa,"Youngstown-Warren, OH",,,,metro